USE QuanLyCuaHang;
GO

INSERT INTO NhaCungCap VALUES
('NCC01A','ABC Corp','0901111111','abc1@mail.com','HCM'),
('NCC02B','XYZ Ltd','0901111112','abc2@mail.com','HN'),
('NCC03C','Minh Long','0901111113','abc3@mail.com','DN'),
('NCC04D','Hoang Gia','0901111114','abc4@mail.com','CT'),
('NCC05E','Tech VN','0901111115','abc5@mail.com','HP'),
('NCC06F','Green Co','0901111116','abc6@mail.com','BD'),
('NCC07G','Food VN','0901111117','abc7@mail.com','LA'),
('NCC08H','Sun Corp','0901111118','abc8@mail.com','NT'),
('NCC09I','Blue Sky','0901111119','abc9@mail.com','QN'),
('NCC10J','Viet Phat','0901111120','abc10@mail.com','HU'),
('NCC11K','Asia Food','0901111121','abc11@mail.com','DL'),
('NCC12L','Mega Co','0901111122','abc12@mail.com','VT'),
('NCC13M','Ocean VN','0901111123','abc13@mail.com','GL'),
('NCC14N','Kingdom','0901111124','abc14@mail.com','BR'),
('NCC15O','Fast Supply','0901111125','abc15@mail.com','PT'),
('NCC16P','Alpha Co','0901111126','abc16@mail.com','NB'),
('NCC17Q','Beta Ltd','0901111127','abc17@mail.com','TH'),
('NCC18R','Gamma Inc','0901111128','abc18@mail.com','QN'),
('NCC19S','Delta VN','0901111129','abc19@mail.com','TB'),
('NCC20T','Omega Co','0901111130','abc20@mail.com','HP');

INSERT INTO DanhMuc VALUES
('DM01A','Điện thoại',50,'NCC01A'),
('DM02B','Laptop',40,'NCC02B'),
('DM03C','Phụ kiện',60,'NCC03C'),
('DM04D','Gia dụng',30,'NCC04D'),
('DM05E','Thực phẩm',80,'NCC05E'),
('DM06F','Nước uống',90,'NCC06F'),
('DM07G','Quần áo',70,'NCC07G'),
('DM08H','Giày dép',55,'NCC08H'),
('DM09I','Mỹ phẩm',45,'NCC09I'),
('DM10J','Đồ chơi',35,'NCC10J'),
('DM11K','Sách',20,'NCC11K'),
('DM12L','Văn phòng',25,'NCC12L'),
('DM13M','Xe máy',15,'NCC13M'),
('DM14N','Xe đạp',10,'NCC14N'),
('DM15O','Nội thất',18,'NCC15O'),
('DM16P','Trang sức',22,'NCC16P'),
('DM17Q','Thiết bị',27,'NCC17Q'),
('DM18R','Camera',19,'NCC18R'),
('DM19S','Đồng hồ',33,'NCC19S'),
('DM20T','Máy tính bảng',29,'NCC20T');

INSERT INTO Kho VALUES
('K01A','Kho A','HCM',NULL,100),
('K02B','Kho B','HN',NULL,120),
('K03C','Kho C','DN',NULL,130),
('K04D','Kho D','CT',NULL,110),
('K05E','Kho E','HP',NULL,90),
('K06F','Kho F','BD',NULL,140),
('K07G','Kho G','LA',NULL,150),
('K08H','Kho H','NT',NULL,80),
('K09I','Kho I','QN',NULL,70),
('K10J','Kho J','HU',NULL,60),
('K11K','Kho K','DL',NULL,50),
('K12L','Kho L','VT',NULL,40),
('K13M','Kho M','GL',NULL,30),
('K14N','Kho N','BR',NULL,20),
('K15O','Kho O','PT',NULL,10),
('K16P','Kho P','NB',NULL,15),
('K17Q','Kho Q','TH',NULL,25),
('K18R','Kho R','QN',NULL,35),
('K19S','Kho S','TB',NULL,45),
('K20T','Kho T','HP',NULL,55);


INSERT INTO NhanVien VALUES
('NV01A','Nguyen Van A','0911111111','nv1@mail.com','Admin','1999-01-01','2023-01-01',1000),
('NV02B','Tran Van B','0911111112','nv2@mail.com','Staff','1998-02-02','2023-02-02',1100),
('NV03C','Le Van C','0911111113','nv3@mail.com','Staff','1997-03-03','2023-03-03',1200),
('NV04D','Pham Van D','0911111114','nv4@mail.com','Manager','1996-04-04','2023-04-04',2000),
('NV05E','Hoang Van E','0911111115','nv5@mail.com','Staff','1995-05-05','2023-05-05',1300),
('NV06F','Vo Van F','0911111116','nv6@mail.com','Staff','1994-06-06','2023-06-06',1250),
('NV07G','Dang Van G','0911111117','nv7@mail.com','Staff','1993-07-07','2023-07-07',1400),
('NV08H','Bui Van H','0911111118','nv8@mail.com','Staff','1992-08-08','2023-08-08',1350),
('NV09I','Do Van I','0911111119','nv9@mail.com','Staff','1991-09-09','2023-09-09',1500),
('NV10J','Phan Van J','0911111120','nv10@mail.com','Staff','1990-10-10','2023-10-10',1550),
('NV11K','Tran Van K','0911111121','nv11@mail.com','Staff','1999-11-11','2023-11-11',1200),
('NV12L','Nguyen Van L','0911111122','nv12@mail.com','Staff','1998-12-12','2023-12-12',1100),
('NV13M','Le Van M','0911111123','nv13@mail.com','Staff','1997-01-13','2023-01-13',1000),
('NV14N','Pham Van N','0911111124','nv14@mail.com','Staff','1996-02-14','2023-02-14',900),
('NV15O','Hoang Van O','0911111125','nv15@mail.com','Staff','1995-03-15','2023-03-15',800),
('NV16P','Vo Van P','0911111126','nv16@mail.com','Staff','1994-04-16','2023-04-16',700),
('NV17Q','Dang Van Q','0911111127','nv17@mail.com','Staff','1993-05-17','2023-05-17',600),
('NV18R','Bui Van R','0911111128','nv18@mail.com','Staff','1992-06-18','2023-06-18',500),
('NV19S','Do Van S','0911111129','nv19@mail.com','Staff','1991-07-19','2023-07-19',400),
('NV20T','Phan Van T','0911111130','nv20@mail.com','Staff','1990-08-20','2023-08-20',300);

INSERT INTO KhachHang VALUES
('KH01A','Khach 1','0921111111','kh1@mail.com','HCM'),
('KH02B','Khach 2','0921111112','kh2@mail.com','HN'),
('KH03C','Khach 3','0921111113','kh3@mail.com','DN'),
('KH04D','Khach 4','0921111114','kh4@mail.com','CT'),
('KH05E','Khach 5','0921111115','kh5@mail.com','HP'),
('KH06F','Khach 6','0921111116','kh6@mail.com','BD'),
('KH07G','Khach 7','0921111117','kh7@mail.com','LA'),
('KH08H','Khach 8','0921111118','kh8@mail.com','NT'),
('KH09I','Khach 9','0921111119','kh9@mail.com','QN'),
('KH10J','Khach 10','0921111120','kh10@mail.com','HU'),
('KH11K','Khach 11','0921111121','kh11@mail.com','DL'),
('KH12L','Khach 12','0921111122','kh12@mail.com','VT'),
('KH13M','Khach 13','0921111123','kh13@mail.com','GL'),
('KH14N','Khach 14','0921111124','kh14@mail.com','BR'),
('KH15O','Khach 15','0921111125','kh15@mail.com','PT'),
('KH16P','Khach 16','0921111126','kh16@mail.com','NB'),
('KH17Q','Khach 17','0921111127','kh17@mail.com','TH'),
('KH18R','Khach 18','0921111128','kh18@mail.com','QN'),
('KH19S','Khach 19','0921111129','kh19@mail.com','TB'),
('KH20T','Khach 20','0921111130','kh20@mail.com','HP');

INSERT INTO SanPham VALUES
('SP01A','Iphone 13',20000,'DM01A','NCC01A','K01A',50),
('SP02B','Samsung S22',18000,'DM01A','NCC02B','K02B',40),
('SP03C','Laptop Dell',25000,'DM02B','NCC03C','K03C',30),
('SP04D','Laptop HP',24000,'DM02B','NCC04D','K04D',20),
('SP05E','Tai nghe',500,'DM03C','NCC05E','K05E',100),
('SP06F','Chuột',300,'DM03C','NCC06F','K06F',120),
('SP07G','Nồi cơm',1500,'DM04D','NCC07G','K07G',80),
('SP08H','Tivi',10000,'DM04D','NCC08H','K08H',60),
('SP09I','Bánh',50,'DM05E','NCC09I','K09I',200),
('SP10J','Nước ngọt',20,'DM06F','NCC10J','K10J',300),
('SP11K','Áo',200,'DM07G','NCC11K','K11K',150),
('SP12L','Quần',250,'DM07G','NCC12L','K12L',140),
('SP13M','Giày',400,'DM08H','NCC13M','K13M',130),
('SP14N','Son',100,'DM09I','NCC14N','K14N',110),
('SP15O','Đồ chơi',150,'DM10J','NCC15O','K15O',90),
('SP16P','Sách',80,'DM11K','NCC16P','K16P',70),
('SP17Q','Bút',10,'DM12L','NCC17Q','K17Q',60),
('SP18R','Xe máy',30000,'DM13M','NCC18R','K18R',20),
('SP19S','Đồng hồ',5000,'DM19S','NCC19S','K19S',25),
('SP20T','Tablet',15000,'DM20T','NCC20T','K20T',35);

INSERT INTO HoaDon VALUES
('HD01A','KH01A','NV01A','SP01A','2024-01-01 10:15:23',2,20000,40000),
('HD02B','KH02B','NV02B','SP02B','2024-01-02 11:25:45',1,18000,18000),
('HD03C','KH03C','NV03C','SP03C','2024-01-03 09:05:11',1,25000,25000),
('HD04D','KH04D','NV04D','SP04D','2024-01-04 14:55:12',2,24000,48000),
('HD05E','KH05E','NV05E','SP05E','2024-01-05 16:33:22',5,500,2500),
('HD06F','KH06F','NV06F','SP06F','2024-01-06 08:12:34',3,300,900),
('HD07G','KH07G','NV07G','SP07G','2024-01-07 13:21:09',2,1500,3000),
('HD08H','KH08H','NV08H','SP08H','2024-01-08 17:44:55',1,10000,10000),
('HD09I','KH09I','NV09I','SP09I','2024-01-09 18:55:33',10,50,500),
('HD10J','KH10J','NV10J','SP10J','2024-01-10 12:11:11',20,20,400),
('HD11K','KH11K','NV11K','SP11K','2024-01-11 09:22:45',3,200,600),
('HD12L','KH12L','NV12L','SP12L','2024-01-12 10:33:56',4,250,1000),
('HD13M','KH13M','NV13M','SP13M','2024-01-13 15:14:25',2,400,800),
('HD14N','KH14N','NV14N','SP14N','2024-01-14 16:18:37',5,100,500),
('HD15O','KH15O','NV15O','SP15O','2024-01-15 19:44:20',6,150,900),
('HD16P','KH16P','NV16P','SP16P','2024-01-16 08:08:08',7,80,560),
('HD17Q','KH17Q','NV17Q','SP17Q','2024-01-17 07:07:07',10,10,100),
('HD18R','KH18R','NV18R','SP18R','2024-01-18 20:20:20',1,30000,30000),
('HD19S','KH19S','NV19S','SP19S','2024-01-19 21:21:21',2,5000,10000),
('HD20T','KH20T','NV20T','SP20T','2024-01-20 22:22:22',1,15000,15000);

INSERT INTO ChiTietHoaDon 
(MaHoaDon, MaSanPham, MaKhachHang, MaNhanVien, SoLuong, DonGia, MaThanhToan, DonGiaNhapHang, NgayNhapHang)
VALUES
('HD01A','SP01A','KH01A','NV01A',2,20000,'TT01A',15000,'2024-01-01 09:00:11'),
('HD02B','SP02B','KH02B','NV02B',1,18000,'TT02B',14000,'2024-01-02 10:12:45'),
('HD03C','SP03C','KH03C','NV03C',1,25000,'TT03C',20000,'2024-01-03 11:22:33'),
('HD04D','SP04D','KH04D','NV04D',2,24000,'TT04D',21000,'2024-01-04 12:15:21'),
('HD05E','SP05E','KH05E','NV05E',5,500,'TT05E',300,'2024-01-05 13:45:09'),
('HD06F','SP06F','KH06F','NV06F',3,300,'TT06F',200,'2024-01-06 08:11:17'),
('HD07G','SP07G','KH07G','NV07G',2,1500,'TT07G',1200,'2024-01-07 14:09:55'),
('HD08H','SP08H','KH08H','NV08H',1,10000,'TT08H',8000,'2024-01-08 16:21:36'),
('HD09I','SP09I','KH09I','NV09I',10,50,'TT09I',30,'2024-01-09 17:17:17'),
('HD10J','SP10J','KH10J','NV10J',20,20,'TT10J',10,'2024-01-10 18:18:18'),
('HD11K','SP11K','KH11K','NV11K',3,200,'TT11K',150,'2024-01-11 19:19:19'),
('HD12L','SP12L','KH12L','NV12L',4,250,'TT12L',200,'2024-01-12 20:20:20'),
('HD13M','SP13M','KH13M','NV13M',2,400,'TT13M',300,'2024-01-13 21:21:21'),
('HD14N','SP14N','KH14N','NV14N',5,100,'TT14N',80,'2024-01-14 22:22:22'),
('HD15O','SP15O','KH15O','NV15O',6,150,'TT15O',120,'2024-01-15 23:23:23'),
('HD16P','SP16P','KH16P','NV16P',7,80,'TT16P',60,'2024-01-16 07:07:07'),
('HD17Q','SP17Q','KH17Q','NV17Q',10,10,'TT17Q',5,'2024-01-17 06:06:06'),
('HD18R','SP18R','KH18R','NV18R',1,30000,'TT18R',25000,'2024-01-18 05:05:05'),
('HD19S','SP19S','KH19S','NV19S',2,5000,'TT19S',4000,'2024-01-19 04:04:04'),
('HD20T','SP20T','KH20T','NV20T',1,15000,'TT20T',12000,'2024-01-20 03:03:03');

INSERT INTO ThanhToan VALUES
('TT01A','HD01A','KH01A','2024-01-01 10:20:00','Tiền mặt',40000),
('TT02B','HD02B','KH02B','2024-01-02 11:30:00','Chuyển khoản',18000),
('TT03C','HD03C','KH03C','2024-01-03 12:40:00','Tiền mặt',25000),
('TT04D','HD04D','KH04D','2024-01-04 13:50:00','Ví điện tử',48000),
('TT05E','HD05E','KH05E','2024-01-05 14:15:00','Tiền mặt',2500),
('TT06F','HD06F','KH06F','2024-01-06 09:25:00','Chuyển khoản',900),
('TT07G','HD07G','KH07G','2024-01-07 15:35:00','Ví điện tử',3000),
('TT08H','HD08H','KH08H','2024-01-08 17:45:00','Tiền mặt',10000),
('TT09I','HD09I','KH09I','2024-01-09 18:55:00','Tiền mặt',500),
('TT10J','HD10J','KH10J','2024-01-10 19:05:00','Chuyển khoản',400),
('TT11K','HD11K','KH11K','2024-01-11 20:10:00','Ví điện tử',600),
('TT12L','HD12L','KH12L','2024-01-12 21:15:00','Tiền mặt',1000),
('TT13M','HD13M','KH13M','2024-01-13 22:20:00','Chuyển khoản',800),
('TT14N','HD14N','KH14N','2024-01-14 23:25:00','Tiền mặt',500),
('TT15O','HD15O','KH15O','2024-01-15 08:30:00','Ví điện tử',900),
('TT16P','HD16P','KH16P','2024-01-16 09:35:00','Tiền mặt',560),
('TT17Q','HD17Q','KH17Q','2024-01-17 10:40:00','Chuyển khoản',100),
('TT18R','HD18R','KH18R','2024-01-18 11:45:00','Tiền mặt',30000),
('TT19S','HD19S','KH19S','2024-01-19 12:50:00','Ví điện tử',10000),
('TT20T','HD20T','KH20T','2024-01-20 13:55:00','Tiền mặt',15000);

INSERT INTO NhapHang VALUES
('NH01A','K01A','NV01A','NCC01A','SP01A','2024-02-01 08:00:00',10),
('NH02B','K02B','NV02B','NCC02B','SP02B','2024-02-02 09:10:00',15),
('NH03C','K03C','NV03C','NCC03C','SP03C','2024-02-03 10:20:00',12),
('NH04D','K04D','NV04D','NCC04D','SP04D','2024-02-04 11:30:00',8),
('NH05E','K05E','NV05E','NCC05E','SP05E','2024-02-05 12:40:00',50),
('NH06F','K06F','NV06F','NCC06F','SP06F','2024-02-06 13:50:00',60),
('NH07G','K07G','NV07G','NCC07G','SP07G','2024-02-07 14:00:00',30),
('NH08H','K08H','NV08H','NCC08H','SP08H','2024-02-08 15:10:00',20),
('NH09I','K09I','NV09I','NCC09I','SP09I','2024-02-09 16:20:00',100),
('NH10J','K10J','NV10J','NCC10J','SP10J','2024-02-10 17:30:00',200),
('NH11K','K11K','NV11K','NCC11K','SP11K','2024-02-11 18:40:00',70),
('NH12L','K12L','NV12L','NCC12L','SP12L','2024-02-12 19:50:00',60),
('NH13M','K13M','NV13M','NCC13M','SP13M','2024-02-13 20:00:00',40),
('NH14N','K14N','NV14N','NCC14N','SP14N','2024-02-14 21:10:00',30),
('NH15O','K15O','NV15O','NCC15O','SP15O','2024-02-15 22:20:00',25),
('NH16P','K16P','NV16P','NCC16P','SP16P','2024-02-16 23:30:00',20),
('NH17Q','K17Q','NV17Q','NCC17Q','SP17Q','2024-02-17 06:40:00',90),
('NH18R','K18R','NV18R','NCC18R','SP18R','2024-02-18 07:50:00',5),
('NH19S','K19S','NV19S','NCC19S','SP19S','2024-02-19 08:55:00',10),
('NH20T','K20T','NV20T','NCC20T','SP20T','2024-02-20 09:59:00',12);

INSERT INTO ChiTietNhapHang VALUES
('NH01A','SP01A','2024-02-01 08:05:00','NV01A','K01A','HCM','NCC01A',10,15000),
('NH02B','SP02B','2024-02-02 09:15:00','NV02B','K02B','HN','NCC02B',15,14000),
('NH03C','SP03C','2024-02-03 10:25:00','NV03C','K03C','DN','NCC03C',12,20000),
('NH04D','SP04D','2024-02-04 11:35:00','NV04D','K04D','CT','NCC04D',8,21000),
('NH05E','SP05E','2024-02-05 12:45:00','NV05E','K05E','HP','NCC05E',50,300),
('NH06F','SP06F','2024-02-06 13:55:00','NV06F','K06F','BD','NCC06F',60,200),
('NH07G','SP07G','2024-02-07 14:05:00','NV07G','K07G','LA','NCC07G',30,1200),
('NH08H','SP08H','2024-02-08 15:15:00','NV08H','K08H','NT','NCC08H',20,8000),
('NH09I','SP09I','2024-02-09 16:25:00','NV09I','K09I','QN','NCC09I',100,30),
('NH10J','SP10J','2024-02-10 17:35:00','NV10J','K10J','HU','NCC10J',200,10),
('NH11K','SP11K','2024-02-11 18:45:00','NV11K','K11K','DL','NCC11K',70,150),
('NH12L','SP12L','2024-02-12 19:55:00','NV12L','K12L','VT','NCC12L',60,200),
('NH13M','SP13M','2024-02-13 20:05:00','NV13M','K13M','GL','NCC13M',40,300),
('NH14N','SP14N','2024-02-14 21:15:00','NV14N','K14N','BR','NCC14N',30,80),
('NH15O','SP15O','2024-02-15 22:25:00','NV15O','K15O','PT','NCC15O',25,120),
('NH16P','SP16P','2024-02-16 23:35:00','NV16P','K16P','NB','NCC16P',20,60),
('NH17Q','SP17Q','2024-02-17 06:45:00','NV17Q','K17Q','TH','NCC17Q',90,5),
('NH18R','SP18R','2024-02-18 07:55:00','NV18R','K18R','QN','NCC18R',5,25000),
('NH19S','SP19S','2024-02-19 08:59:00','NV19S','K19S','TB','NCC19S',10,4000),
('NH20T','SP20T','2024-02-20 10:05:00','NV20T','K20T','HP','NCC20T',12,12000);