use QuanLyCuaHang;
go

INSERT INTO DanhMuc VALUES
	('DM1A1', N'Đồ uống'),
	('DM2B2', N'Bánh kẹo'),
	('DM3C3', N'Thực phẩm'),
	('DM4D4', N'Gia dụng'),
	('DM5E5', N'Mỹ phẩm'),
	('DM6F6', N'Đồ hộp'),
	('DM7G7', N'Rau củ'),
	('DM8H8', N'Trái cây'),
	('DM9I9', N'Sữa'),
	('DM10J0', N'Đồ đông lạnh'),
	('DM11K1', N'Gia vị'),
	('DM12L2', N'Đồ khô'),
	('DM13M3', N'Bia rượu'),
	('DM14N4', N'Nước giải khát'),
	('DM15O5', N'Văn phòng phẩm'),
	('DM16P6', N'Đồ chơi'),
	('DM17Q7', N'Thiết bị điện'),
	('DM18R8', N'Đồ ăn nhanh'),
	('DM19S9', N'Thức ăn chăn nuôi'),
	('DM20T0', N'Khác');

INSERT INTO NhaCungCap VALUES
('NC1A1', N'Coca Cola VN', '0900000001','ncc1@mail.com',N'HCM'),
('NC2B2', N'Pepsi VN', '0900000002','ncc2@mail.com',N'HCM'),
('NC3C3', N'Vinamilk', '0900000003','ncc3@mail.com',N'HN'),
('NC4D4', N'Masan', '0900000004','ncc4@mail.com',N'HCM'),
('NC5E5', N'Acecook', '0900000005','ncc5@mail.com',N'HCM'),
('NC6F6', N'Orion', '0900000006','ncc6@mail.com',N'HN'),
('NC7G7', N'Kinh Đô', '0900000007','ncc7@mail.com',N'HCM'),
('NC8H8', N'Nestle', '0900000008','ncc8@mail.com',N'HN'),
('NC9I9', N'Unilever', '0900000009','ncc9@mail.com',N'HCM'),
('NC10J0', N'P&G', '0900000010','ncc10@mail.com',N'HCM'),
('NC11K1', N'Lavie', '0900000011','ncc11@mail.com',N'HCM'),
('NC12L2', N'Trung Nguyên', '0900000012','ncc12@mail.com',N'HCM'),
('NC13M3', N'Highlands', '0900000013','ncc13@mail.com',N'HCM'),
('NC14N4', N'Milo', '0900000014','ncc14@mail.com',N'HCM'),
('NC15O5', N'Omo', '0900000015','ncc15@mail.com',N'HCM'),
('NC16P6', N'Sunlight', '0900000016','ncc16@mail.com',N'HCM'),
('NC17Q7', N'Rejoice', '0900000017','ncc17@mail.com',N'HCM'),
('NC18R8', N'Pantene', '0900000018','ncc18@mail.com',N'HCM'),
('NC19S9', N'Closeup', '0900000019','ncc19@mail.com',N'HCM'),
('NC20T0', N'Dove', '0900000020','ncc20@mail.com',N'HCM');

INSERT INTO Kho VALUES
('K1A1',N'Kho 1',N'HCM'),('K2B2',N'Kho 2',N'HCM'),
('K3C3',N'Kho 3',N'HCM'),('K4D4',N'Kho 4',N'HCM'),
('K5E5',N'Kho 5',N'HCM'),('K6F6',N'Kho 6',N'HCM'),
('K7G7',N'Kho 7',N'HCM'),('K8H8',N'Kho 8',N'HCM'),
('K9I9',N'Kho 9',N'HCM'),('K10J0',N'Kho 10',N'HCM'),
('K11K1',N'Kho 11',N'HCM'),('K12L2',N'Kho 12',N'HCM'),
('K13M3',N'Kho 13',N'HCM'),('K14N4',N'Kho 14',N'HCM'),
('K15O5',N'Kho 15',N'HCM'),('K16P6',N'Kho 16',N'HCM'),
('K17Q7',N'Kho 17',N'HCM'),('K18R8',N'Kho 18',N'HCM'),
('K19S9',N'Kho 19',N'HCM'),('K20T0',N'Kho 20',N'HCM');

INSERT INTO NhanVien VALUES
('NV1A1',N'An','0901','nv1@mail.com',N'Bán hàng',GETDATE(),5000000),
('NV2B2',N'Bình','0902','nv2@mail.com',N'Kho',GETDATE(),5200000),
('NV3C3',N'Cường','0903','nv3@mail.com',N'Bán hàng',GETDATE(),5300000),
('NV4D4',N'Dũng','0904','nv4@mail.com',N'Kho',GETDATE(),5400000),
('NV5E5',N'Em','0905','nv5@mail.com',N'Quản lý',GETDATE(),7000000),
('NV6F6',N'Phúc','0906','nv6@mail.com',N'Kho',GETDATE(),5200000),
('NV7G7',N'Giang','0907','nv7@mail.com',N'Bán hàng',GETDATE(),5100000),
('NV8H8',N'Huy','0908','nv8@mail.com',N'Kho',GETDATE(),5300000),
('NV9I9',N'Inh','0909','nv9@mail.com',N'Bán hàng',GETDATE(),5200000),
('NV10J0',N'Khanh','0910','nv10@mail.com',N'Kho',GETDATE(),5400000),
('NV11K1',N'Long','0911','nv11@mail.com',N'Bán hàng',GETDATE(),5100000),
('NV12L2',N'Minh','0912','nv12@mail.com',N'Kho',GETDATE(),5200000),
('NV13M3',N'Nam','0913','nv13@mail.com',N'Bán hàng',GETDATE(),5300000),
('NV14N4',N'Phong','0914','nv14@mail.com',N'Kho',GETDATE(),5400000),
('NV15O5',N'Quân','0915','nv15@mail.com',N'Quản lý',GETDATE(),7000000),
('NV16P6',N'Rin','0916','nv16@mail.com',N'Kho',GETDATE(),5200000),
('NV17Q7',N'Sơn','0917','nv17@mail.com',N'Bán hàng',GETDATE(),5100000),
('NV18R8',N'Tuấn','0918','nv18@mail.com',N'Kho',GETDATE(),5300000),
('NV19S9',N'Uy','0919','nv19@mail.com',N'Bán hàng',GETDATE(),5200000),
('NV20T0',N'Vinh','0920','nv20@mail.com',N'Kho',GETDATE(),5400000);

INSERT INTO KhachHang VALUES
('KH1A1',N'Khách 1','0801','kh1@mail.com',N'HCM',GETDATE()),
('KH2B2',N'Khách 2','0802','kh2@mail.com',N'HCM',GETDATE()),
('KH3C3',N'Khách 3','0803','kh3@mail.com',N'HCM',GETDATE()),
('KH4D4',N'Khách 4','0804','kh4@mail.com',N'HCM',GETDATE()),
('KH5E5',N'Khách 5','0805','kh5@mail.com',N'HCM',GETDATE()),
('KH6F6',N'Khách 6','0806','kh6@mail.com',N'HCM',GETDATE()),
('KH7G7',N'Khách 7','0807','kh7@mail.com',N'HCM',GETDATE()),
('KH8H8',N'Khách 8','0808','kh8@mail.com',N'HCM',GETDATE()),
('KH9I9',N'Khách 9','0809','kh9@mail.com',N'HCM',GETDATE()),
('KH10J0',N'Khách 10','0810','kh10@mail.com',N'HCM',GETDATE()),
('KH11K1',N'Khách 11','0811','kh11@mail.com',N'HCM',GETDATE()),
('KH12L2',N'Khách 12','0812','kh12@mail.com',N'HCM',GETDATE()),
('KH13M3',N'Khách 13','0813','kh13@mail.com',N'HCM',GETDATE()),
('KH14N4',N'Khách 14','0814','kh14@mail.com',N'HCM',GETDATE()),
('KH15O5',N'Khách 15','0815','kh15@mail.com',N'HCM',GETDATE()),
('KH16P6',N'Khách 16','0816','kh16@mail.com',N'HCM',GETDATE()),
('KH17Q7',N'Khách 17','0817','kh17@mail.com',N'HCM',GETDATE()),
('KH18R8',N'Khách 18','0818','kh18@mail.com',N'HCM',GETDATE()),
('KH19S9',N'Khách 19','0819','kh19@mail.com',N'HCM',GETDATE()),
('KH20T0',N'Khách 20','0820','kh20@mail.com',N'HCM',GETDATE());

INSERT INTO SanPham VALUES
('SP1A1',N'Coca',10000,'DM1A1','NC1A1'),
('SP2B2',N'Pepsi',11000,'DM1A1','NC2B2'),
('SP3C3',N'Sữa Vinamilk',12000,'DM9I9','NC3C3'),
('SP4D4',N'Mì Hảo Hảo',8000,'DM3C3','NC5E5'),
('SP5E5',N'Bánh Orion',15000,'DM2B2','NC6F6'),
('SP6F6',N'Bánh Kinh Đô',16000,'DM2B2','NC7G7'),
('SP7G7',N'Nescafe',20000,'DM1A1','NC8H8'),
('SP8H8',N'Omo',90000,'DM4D4','NC9I9'),
('SP9I9',N'Pantene',85000,'DM5E5','NC18R8'),
('SP10J0',N'Dầu gội Dove',80000,'DM5E5','NC20T0'),
('SP11K1',N'Nước Lavie',5000,'DM1A1','NC11K1'),
('SP12L2',N'Cà phê Trung Nguyên',30000,'DM1A1','NC12L2'),
('SP13M3',N'Milo',15000,'DM1A1','NC14N4'),
('SP14N4',N'Nước rửa chén',20000,'DM4D4','NC16P6'),
('SP15O5',N'Dầu ăn',40000,'DM11K1','NC4D4'),
('SP16P6',N'Gia vị',10000,'DM11K1','NC4D4'),
('SP17Q7',N'Snack',12000,'DM2B2','NC6F6'),
('SP18R8',N'Kem',18000,'DM10J0','NC8H8'),
('SP19S9',N'Rau',7000,'DM7G7','NC4D4'),
('SP20T0',N'Trái cây',15000,'DM8H8','NC4D4');

INSERT INTO TonKho VALUES
('K1A1','SP1A1',100),('K1A1','SP2B2',120),
('K1A1','SP3C3',80),('K1A1','SP4D4',200),
('K1A1','SP5E5',150),('K1A1','SP6F6',130),
('K1A1','SP7G7',90),('K1A1','SP8H8',70),
('K1A1','SP9I9',60),('K1A1','SP10J0',50),
('K1A1','SP11K1',300),('K1A1','SP12L2',40),
('K1A1','SP13M3',110),('K1A1','SP14N4',95),
('K1A1','SP15O5',85),('K1A1','SP16P6',75),
('K1A1','SP17Q7',140),('K1A1','SP18R8',65),
('K1A1','SP19S9',180),('K1A1','SP20T0',170);

INSERT INTO HoaDon VALUES
('HD1A1','KH1A1','NV1A1',GETDATE(),20000),
('HD2B2','KH2B2','NV2B2',GETDATE(),25000),
('HD3C3','KH3C3','NV3C3',GETDATE(),30000),
('HD4D4','KH4D4','NV4D4',GETDATE(),15000),
('HD5E5','KH5E5','NV5E5',GETDATE(),50000),
('HD6F6','KH6F6','NV6F6',GETDATE(),45000),
('HD7G7','KH7G7','NV7G7',GETDATE(),60000),
('HD8H8','KH8H8','NV8H8',GETDATE(),70000),
('HD9I9','KH9I9','NV9I9',GETDATE(),80000),
('HD10J0','KH10J0','NV10J0',GETDATE(),90000),
('HD11K1','KH11K1','NV11K1',GETDATE(),100000),
('HD12L2','KH12L2','NV12L2',GETDATE(),110000),
('HD13M3','KH13M3','NV13M3',GETDATE(),120000),
('HD14N4','KH14N4','NV14N4',GETDATE(),130000),
('HD15O5','KH15O5','NV15O5',GETDATE(),140000),
('HD16P6','KH16P6','NV16P6',GETDATE(),150000),
('HD17Q7','KH17Q7','NV17Q7',GETDATE(),160000),
('HD18R8','KH18R8','NV18R8',GETDATE(),170000),
('HD19S9','KH19S9','NV19S9',GETDATE(),180000),
('HD20T0','KH20T0','NV20T0',GETDATE(),190000);

INSERT INTO ChiTietHoaDon VALUES
('HD1A1','SP1A1',2,10000),
('HD2B2','SP2B2',2,11000),
('HD3C3','SP3C3',2,12000),
('HD4D4','SP4D4',2,8000),
('HD5E5','SP5E5',3,15000),
('HD6F6','SP6F6',3,16000),
('HD7G7','SP7G7',3,20000),
('HD8H8','SP8H8',1,90000),
('HD9I9','SP9I9',1,85000),
('HD10J0','SP10J0',1,80000),
('HD11K1','SP11K1',5,5000),
('HD12L2','SP12L2',2,30000),
('HD13M3','SP13M3',3,15000),
('HD14N4','SP14N4',2,20000),
('HD15O5','SP15O5',2,40000),
('HD16P6','SP16P6',4,10000),
('HD17Q7','SP17Q7',3,12000),
('HD18R8','SP18R8',2,18000),
('HD19S9','SP19S9',5,7000),
('HD20T0','SP20T0',4,15000);


INSERT INTO ThanhToan VALUES
('TT1A1','HD1A1',GETDATE(),N'Tiền mặt',20000),
('TT2B2','HD2B2',GETDATE(),N'Chuyển khoản',25000),
('TT3C3','HD3C3',GETDATE(),N'Tiền mặt',30000),
('TT4D4','HD4D4',GETDATE(),N'Tiền mặt',15000),
('TT5E5','HD5E5',GETDATE(),N'Chuyển khoản',50000),
('TT6F6','HD6F6',GETDATE(),N'Tiền mặt',45000),
('TT7G7','HD7G7',GETDATE(),N'Tiền mặt',60000),
('TT8H8','HD8H8',GETDATE(),N'Chuyển khoản',70000),
('TT9I9','HD9I9',GETDATE(),N'Tiền mặt',80000),
('TT10J0','HD10J0',GETDATE(),N'Tiền mặt',90000),
('TT11K1','HD11K1',GETDATE(),N'Tiền mặt',100000),
('TT12L2','HD12L2',GETDATE(),N'Chuyển khoản',110000),
('TT13M3','HD13M3',GETDATE(),N'Tiền mặt',120000),
('TT14N4','HD14N4',GETDATE(),N'Tiền mặt',130000),
('TT15O5','HD15O5',GETDATE(),N'Chuyển khoản',140000),
('TT16P6','HD16P6',GETDATE(),N'Tiền mặt',150000),
('TT17Q7','HD17Q7',GETDATE(),N'Tiền mặt',160000),
('TT18R8','HD18R8',GETDATE(),N'Chuyển khoản',170000),
('TT19S9','HD19S9',GETDATE(),N'Tiền mặt',180000),
('TT20T0','HD20T0',GETDATE(),N'Tiền mặt',190000);

INSERT INTO NhapHang VALUES
('NH1A1','K1A1',GETDATE(),'NV1A1','NC1A1'),
('NH2B2','K1A1',GETDATE(),'NV2B2','NC2B2'),
('NH3C3','K1A1',GETDATE(),'NV3C3','NC3C3'),
('NH4D4','K1A1',GETDATE(),'NV4D4','NC4D4'),
('NH5E5','K1A1',GETDATE(),'NV5E5','NC5E5'),
('NH6F6','K1A1',GETDATE(),'NV6F6','NC6F6'),
('NH7G7','K1A1',GETDATE(),'NV7G7','NC7G7'),
('NH8H8','K1A1',GETDATE(),'NV8H8','NC8H8'),
('NH9I9','K1A1',GETDATE(),'NV9I9','NC9I9'),
('NH10J0','K1A1',GETDATE(),'NV10J0','NC10J0'),
('NH11K1','K1A1',GETDATE(),'NV11K1','NC11K1'),
('NH12L2','K1A1',GETDATE(),'NV12L2','NC12L2'),
('NH13M3','K1A1',GETDATE(),'NV13M3','NC13M3'),
('NH14N4','K1A1',GETDATE(),'NV14N4','NC14N4'),
('NH15O5','K1A1',GETDATE(),'NV15O5','NC15O5'),
('NH16P6','K1A1',GETDATE(),'NV16P6','NC16P6'),
('NH17Q7','K1A1',GETDATE(),'NV17Q7','NC17Q7'),
('NH18R8','K1A1',GETDATE(),'NV18R8','NC18R8'),
('NH19S9','K1A1',GETDATE(),'NV19S9','NC19S9'),
('NH20T0','K1A1',GETDATE(),'NV20T0','NC20T0');


INSERT INTO ChiTietNhapHang VALUES
('NH1A1','SP1A1',50,8000),
('NH2B2','SP2B2',50,9000),
('NH3C3','SP3C3',50,10000),
('NH4D4','SP4D4',50,6000),
('NH5E5','SP5E5',50,12000),
('NH6F6','SP6F6',50,13000),
('NH7G7','SP7G7',50,15000),
('NH8H8','SP8H8',50,70000),
('NH9I9','SP9I9',50,65000),
('NH10J0','SP10J0',50,60000),
('NH11K1','SP11K1',100,3000),
('NH12L2','SP12L2',50,20000),
('NH13M3','SP13M3',50,10000),
('NH14N4','SP14N4',50,15000),
('NH15O5','SP15O5',50,30000),
('NH16P6','SP16P6',50,7000),
('NH17Q7','SP17Q7',50,9000),
('NH18R8','SP18R8',50,12000),
('NH19S9','SP19S9',50,5000),
('NH20T0','SP20T0',50,10000);

INSERT INTO LichSuMuaHang (MaKhachHang, MaHoaDon) VALUES
('KH1A1','HD1A1'),('KH2B2','HD2B2'),
('KH3C3','HD3C3'),('KH4D4','HD4D4'),
('KH5E5','HD5E5'),('KH6F6','HD6F6'),
('KH7G7','HD7G7'),('KH8H8','HD8H8'),
('KH9I9','HD9I9'),('KH10J0','HD10J0'),
('KH11K1','HD11K1'),('KH12L2','HD12L2'),
('KH13M3','HD13M3'),('KH14N4','HD14N4'),
('KH15O5','HD15O5'),('KH16P6','HD16P6'),
('KH17Q7','HD17Q7'),('KH18R8','HD18R8'),
('KH19S9','HD19S9'),('KH20T0','HD20T0');